CUPS;Date;Hour;AE_kWh
RandomCups;01/08/2021;4;0,171
RandomCups;01/08/2021;5;0,255
RandomCups;01/08/2021;6;0,001
RandomCups;01/08/2021;7;0,306
RandomCups;01/08/2021;8;0,351
RandomCups;01/08/2021;9;0,452
RandomCups;01/08/2021;10;0,481
RandomCups;01/08/2021;11;0,286
RandomCups;01/08/2021;12;0,038
RandomCups;01/08/2021;13;0,031
RandomCups;01/08/2021;14;0,183
RandomCups;01/08/2021;15;0,353
RandomCups;01/08/2021;16;0,362
RandomCups;01/08/2021;17;0,359
RandomCups;01/08/2021;18;0,356
RandomCups;01/08/2021;19;0,070
RandomCups;01/08/2021;20;0,154
RandomCups;01/08/2021;21;0,287
RandomCups;01/08/2021;22;0,094
RandomCups;01/08/2021;23;0,166
RandomCups;01/08/2021;24;0,036
RandomCups;02/08/2021;1;0,201
RandomCups;02/08/2021;2;0,454
RandomCups;02/08/2021;3;0,072
RandomCups;02/08/2021;4;0,444
RandomCups;02/08/2021;5;0,417
RandomCups;02/08/2021;6;0,463
RandomCups;02/08/2021;7;0,025
RandomCups;02/08/2021;8;0,208
RandomCups;02/08/2021;9;0,062
RandomCups;02/08/2021;10;0,454
RandomCups;02/08/2021;11;0,111
RandomCups;02/08/2021;12;0,112
RandomCups;02/08/2021;13;0,358
RandomCups;02/08/2021;14;0,460
RandomCups;02/08/2021;15;0,218
RandomCups;02/08/2021;16;0,293
RandomCups;02/08/2021;17;0,225
RandomCups;02/08/2021;18;0,432
RandomCups;02/08/2021;19;0,360
RandomCups;02/08/2021;20;0,211
RandomCups;02/08/2021;21;0,042
RandomCups;02/08/2021;22;0,147
RandomCups;02/08/2021;23;0,183
RandomCups;02/08/2021;24;0,334
RandomCups;03/08/2021;1;0,507
RandomCups;03/08/2021;2;0,415
RandomCups;03/08/2021;3;0,454
RandomCups;03/08/2021;4;0,365
RandomCups;03/08/2021;5;0,310
RandomCups;03/08/2021;6;0,176
RandomCups;03/08/2021;7;0,260
RandomCups;03/08/2021;8;0,014
RandomCups;03/08/2021;9;0,294
RandomCups;03/08/2021;10;0,304
RandomCups;03/08/2021;11;0,390
RandomCups;03/08/2021;12;0,492
RandomCups;03/08/2021;13;0,061
RandomCups;03/08/2021;14;0,040
RandomCups;03/08/2021;15;0,136
RandomCups;03/08/2021;16;0,175
RandomCups;03/08/2021;17;0,428
RandomCups;03/08/2021;18;0,494
RandomCups;03/08/2021;19;0,213
RandomCups;03/08/2021;20;0,229
RandomCups;03/08/2021;21;0,439
RandomCups;03/08/2021;22;0,060
RandomCups;03/08/2021;23;0,442
RandomCups;03/08/2021;24;0,142
RandomCups;04/08/2021;1;0,152
RandomCups;04/08/2021;2;0,314
RandomCups;04/08/2021;3;0,458
RandomCups;04/08/2021;4;0,281
RandomCups;04/08/2021;5;0,129
RandomCups;04/08/2021;6;0,438
RandomCups;04/08/2021;7;0,067
RandomCups;04/08/2021;8;0,199
RandomCups;04/08/2021;9;0,474
RandomCups;04/08/2021;10;0,196
RandomCups;04/08/2021;11;0,010
RandomCups;04/08/2021;12;0,014
RandomCups;04/08/2021;13;0,310
RandomCups;04/08/2021;14;0,022
RandomCups;04/08/2021;15;0,134
RandomCups;04/08/2021;16;0,347
RandomCups;04/08/2021;17;0,128
RandomCups;04/08/2021;18;0,163
RandomCups;04/08/2021;19;0,104
RandomCups;04/08/2021;20;0,442
RandomCups;04/08/2021;21;0,206
RandomCups;04/08/2021;22;0,113
RandomCups;04/08/2021;23;0,116
RandomCups;04/08/2021;24;0,147
RandomCups;05/08/2021;1;0,348
RandomCups;05/08/2021;2;0,005
RandomCups;05/08/2021;3;0,269
RandomCups;05/08/2021;4;0,034
RandomCups;05/08/2021;5;0,194
RandomCups;05/08/2021;6;0,049
RandomCups;05/08/2021;7;0,127
RandomCups;05/08/2021;8;0,397
RandomCups;05/08/2021;9;0,353
RandomCups;05/08/2021;10;0,318
RandomCups;05/08/2021;11;0,467
RandomCups;05/08/2021;12;0,317
RandomCups;05/08/2021;13;0,132
RandomCups;05/08/2021;14;0,285
RandomCups;05/08/2021;15;0,483
RandomCups;05/08/2021;16;0,422
RandomCups;05/08/2021;17;0,080
RandomCups;05/08/2021;18;0,170
RandomCups;05/08/2021;19;0,131
RandomCups;05/08/2021;20;0,344
RandomCups;05/08/2021;21;0,162
RandomCups;05/08/2021;22;0,246
RandomCups;05/08/2021;23;0,252
RandomCups;05/08/2021;24;0,126
RandomCups;06/08/2021;1;0,134
RandomCups;06/08/2021;2;0,266
RandomCups;06/08/2021;3;0,336
RandomCups;06/08/2021;4;0,475
RandomCups;06/08/2021;5;0,247
RandomCups;06/08/2021;6;0,233
RandomCups;06/08/2021;7;0,221
RandomCups;06/08/2021;8;0,180
RandomCups;06/08/2021;9;0,487
RandomCups;06/08/2021;10;0,099
RandomCups;06/08/2021;11;0,017
RandomCups;06/08/2021;12;0,493
RandomCups;06/08/2021;13;0,241
RandomCups;06/08/2021;14;0,037
RandomCups;06/08/2021;15;0,267
RandomCups;06/08/2021;16;0,028
RandomCups;06/08/2021;17;0,414
RandomCups;06/08/2021;18;0,109
RandomCups;06/08/2021;19;0,208
RandomCups;06/08/2021;20;0,077
RandomCups;06/08/2021;21;0,118
RandomCups;06/08/2021;22;0,116
RandomCups;06/08/2021;23;0,149
RandomCups;06/08/2021;24;0,438
RandomCups;07/08/2021;1;0,173
RandomCups;07/08/2021;2;0,436
RandomCups;07/08/2021;3;0,337
RandomCups;07/08/2021;4;0,034
RandomCups;07/08/2021;5;0,273
RandomCups;07/08/2021;6;0,029
RandomCups;07/08/2021;7;0,276
RandomCups;07/08/2021;8;0,453
RandomCups;07/08/2021;9;0,383
RandomCups;07/08/2021;10;0,076
RandomCups;07/08/2021;11;0,078
RandomCups;07/08/2021;12;0,426
RandomCups;07/08/2021;13;0,473
RandomCups;07/08/2021;14;0,358
RandomCups;07/08/2021;15;0,341
RandomCups;07/08/2021;16;0,362
RandomCups;07/08/2021;17;0,216
RandomCups;07/08/2021;18;0,202
RandomCups;07/08/2021;19;0,239
RandomCups;07/08/2021;20;0,018
RandomCups;07/08/2021;21;0,342
RandomCups;07/08/2021;22;0,444
RandomCups;07/08/2021;23;0,382
RandomCups;07/08/2021;24;0,005
RandomCups;08/08/2021;1;0,214
RandomCups;08/08/2021;2;0,326
RandomCups;08/08/2021;3;0,261
RandomCups;08/08/2021;4;0,023
RandomCups;08/08/2021;5;0,141
RandomCups;08/08/2021;6;0,119
RandomCups;08/08/2021;7;0,310
RandomCups;08/08/2021;8;0,203
RandomCups;08/08/2021;9;0,449
RandomCups;08/08/2021;10;0,140
RandomCups;08/08/2021;11;0,109
RandomCups;08/08/2021;12;0,222
RandomCups;08/08/2021;13;0,361
RandomCups;08/08/2021;14;0,182
RandomCups;08/08/2021;15;0,331
RandomCups;08/08/2021;16;0,452
RandomCups;08/08/2021;17;0,368
RandomCups;08/08/2021;18;0,261
RandomCups;08/08/2021;19;0,421
RandomCups;08/08/2021;20;0,373
RandomCups;08/08/2021;21;0,252
RandomCups;08/08/2021;22;0,470
RandomCups;08/08/2021;23;0,270
RandomCups;08/08/2021;24;0,294
RandomCups;09/08/2021;1;0,375
RandomCups;09/08/2021;2;0,086
RandomCups;09/08/2021;3;0,038
RandomCups;09/08/2021;4;0,462
RandomCups;09/08/2021;5;0,225
RandomCups;09/08/2021;6;0,058
RandomCups;09/08/2021;7;0,376
RandomCups;09/08/2021;8;0,362
RandomCups;09/08/2021;9;0,150
RandomCups;09/08/2021;10;0,063
RandomCups;09/08/2021;11;0,187
RandomCups;09/08/2021;12;0,331
RandomCups;09/08/2021;13;0,478
RandomCups;09/08/2021;14;0,159
RandomCups;09/08/2021;15;0,006
RandomCups;09/08/2021;16;0,218
RandomCups;09/08/2021;17;0,209
RandomCups;09/08/2021;18;0,071
RandomCups;09/08/2021;19;0,101
RandomCups;09/08/2021;20;0,016
RandomCups;09/08/2021;21;0,181
RandomCups;09/08/2021;22;0,108
RandomCups;09/08/2021;23;0,257
RandomCups;09/08/2021;24;0,294
RandomCups;10/08/2021;1;0,221
RandomCups;10/08/2021;2;0,240
RandomCups;10/08/2021;3;0,365
RandomCups;10/08/2021;4;0,104
RandomCups;10/08/2021;5;0,370
RandomCups;10/08/2021;6;0,508
RandomCups;10/08/2021;7;0,469
RandomCups;10/08/2021;8;0,105
RandomCups;10/08/2021;9;0,045
RandomCups;10/08/2021;10;0,421
RandomCups;10/08/2021;11;0,079
RandomCups;10/08/2021;12;0,201
RandomCups;10/08/2021;13;0,278
RandomCups;10/08/2021;14;0,039
RandomCups;10/08/2021;15;0,256
RandomCups;10/08/2021;16;0,152
RandomCups;10/08/2021;17;0,420
RandomCups;10/08/2021;18;0,430
RandomCups;10/08/2021;19;0,331
RandomCups;10/08/2021;20;0,398
RandomCups;10/08/2021;21;0,458
RandomCups;10/08/2021;22;0,396
RandomCups;10/08/2021;23;0,335
RandomCups;10/08/2021;24;0,016
RandomCups;11/08/2021;1;0,117
RandomCups;11/08/2021;2;0,126
RandomCups;11/08/2021;3;0,442
RandomCups;11/08/2021;4;0,022
RandomCups;11/08/2021;5;0,378
RandomCups;11/08/2021;6;0,339
RandomCups;11/08/2021;7;0,405
RandomCups;11/08/2021;8;0,179
RandomCups;11/08/2021;9;0,025
RandomCups;11/08/2021;10;0,200
RandomCups;11/08/2021;11;0,037
RandomCups;11/08/2021;12;0,156
RandomCups;11/08/2021;13;0,261
RandomCups;11/08/2021;14;0,431
RandomCups;11/08/2021;15;0,341
RandomCups;11/08/2021;16;0,494
RandomCups;11/08/2021;17;0,272
RandomCups;11/08/2021;18;0,222
RandomCups;11/08/2021;19;0,384
RandomCups;11/08/2021;20;0,051
RandomCups;11/08/2021;21;0,405
RandomCups;11/08/2021;22;0,428
RandomCups;11/08/2021;23;0,377
RandomCups;11/08/2021;24;0,499
RandomCups;12/08/2021;1;0,298
RandomCups;12/08/2021;2;0,058
RandomCups;12/08/2021;3;0,078
RandomCups;12/08/2021;4;0,405
RandomCups;12/08/2021;5;0,184
RandomCups;12/08/2021;6;0,227
RandomCups;12/08/2021;7;0,176
RandomCups;12/08/2021;8;0,218
RandomCups;12/08/2021;9;0,449
RandomCups;12/08/2021;10;0,361
RandomCups;12/08/2021;11;0,486
RandomCups;12/08/2021;12;0,323
RandomCups;12/08/2021;13;0,141
RandomCups;12/08/2021;14;0,055
RandomCups;12/08/2021;15;0,385
RandomCups;12/08/2021;16;0,392
RandomCups;12/08/2021;17;0,047
RandomCups;12/08/2021;18;0,063
RandomCups;12/08/2021;19;0,487
RandomCups;12/08/2021;20;0,303
RandomCups;12/08/2021;21;0,263
RandomCups;12/08/2021;22;0,241
RandomCups;12/08/2021;23;0,483
RandomCups;12/08/2021;24;0,244
RandomCups;13/08/2021;1;0,393
RandomCups;13/08/2021;2;0,450
RandomCups;13/08/2021;3;0,062
RandomCups;13/08/2021;4;0,385
RandomCups;13/08/2021;5;0,205
RandomCups;13/08/2021;6;0,174
RandomCups;13/08/2021;7;0,281
RandomCups;13/08/2021;8;0,092
RandomCups;13/08/2021;9;0,364
RandomCups;13/08/2021;10;0,076
RandomCups;13/08/2021;11;0,093
RandomCups;13/08/2021;12;0,249
RandomCups;13/08/2021;13;0,305
RandomCups;13/08/2021;14;0,348
RandomCups;13/08/2021;15;0,028
RandomCups;13/08/2021;16;0,485
RandomCups;13/08/2021;17;0,402
RandomCups;13/08/2021;18;0,475
RandomCups;13/08/2021;19;0,056
RandomCups;13/08/2021;20;0,037
RandomCups;13/08/2021;21;0,072
RandomCups;13/08/2021;22;0,091
RandomCups;13/08/2021;23;0,299
RandomCups;13/08/2021;24;0,282
RandomCups;14/08/2021;1;0,009
RandomCups;14/08/2021;2;0,083
RandomCups;14/08/2021;3;0,472
RandomCups;14/08/2021;4;0,125
RandomCups;14/08/2021;5;0,408
RandomCups;14/08/2021;6;0,439
RandomCups;14/08/2021;7;0,461
RandomCups;14/08/2021;8;0,196
RandomCups;14/08/2021;9;0,265
RandomCups;14/08/2021;10;0,435
RandomCups;14/08/2021;11;0,120
RandomCups;14/08/2021;12;0,082
RandomCups;14/08/2021;13;0,310
RandomCups;14/08/2021;14;0,134
RandomCups;14/08/2021;15;0,368
RandomCups;14/08/2021;16;0,209
RandomCups;14/08/2021;17;0,325
RandomCups;14/08/2021;18;0,197
RandomCups;14/08/2021;19;0,119
RandomCups;14/08/2021;20;0,156
RandomCups;14/08/2021;21;0,300
RandomCups;14/08/2021;22;0,241
RandomCups;14/08/2021;23;0,223
RandomCups;14/08/2021;24;0,113
RandomCups;15/08/2021;1;0,312
RandomCups;15/08/2021;2;0,353
RandomCups;15/08/2021;3;0,256
RandomCups;15/08/2021;4;0,325
RandomCups;15/08/2021;5;0,378
RandomCups;15/08/2021;6;0,479
RandomCups;15/08/2021;7;0,073
RandomCups;15/08/2021;8;0,330
RandomCups;15/08/2021;9;0,379
RandomCups;15/08/2021;10;0,279
RandomCups;15/08/2021;11;0,157
RandomCups;15/08/2021;12;0,457
RandomCups;15/08/2021;13;0,171
RandomCups;15/08/2021;14;0,123
RandomCups;15/08/2021;15;0,064
RandomCups;15/08/2021;16;0,302
RandomCups;15/08/2021;17;0,051
RandomCups;15/08/2021;18;0,482
RandomCups;15/08/2021;19;0,185
RandomCups;15/08/2021;20;0,071
RandomCups;15/08/2021;21;0,085
RandomCups;15/08/2021;22;0,113
RandomCups;15/08/2021;23;0,253
RandomCups;15/08/2021;24;0,249
RandomCups;16/08/2021;1;0,207
RandomCups;16/08/2021;2;0,170
RandomCups;16/08/2021;3;0,213
RandomCups;16/08/2021;4;0,106
RandomCups;16/08/2021;5;0,203
RandomCups;16/08/2021;6;0,203
RandomCups;16/08/2021;7;0,201
RandomCups;16/08/2021;8;0,485
RandomCups;16/08/2021;9;0,472
RandomCups;16/08/2021;10;0,062
RandomCups;16/08/2021;11;0,198
RandomCups;16/08/2021;12;0,370
RandomCups;16/08/2021;13;0,165
RandomCups;16/08/2021;14;0,411
RandomCups;16/08/2021;15;0,179
RandomCups;16/08/2021;16;0,100
RandomCups;16/08/2021;17;0,115
RandomCups;16/08/2021;18;0,020
RandomCups;16/08/2021;19;0,440
RandomCups;16/08/2021;20;0,447
RandomCups;16/08/2021;21;0,235
RandomCups;16/08/2021;22;0,419
RandomCups;16/08/2021;23;0,083
RandomCups;16/08/2021;24;0,146
RandomCups;17/08/2021;1;0,454
RandomCups;17/08/2021;2;0,301
RandomCups;17/08/2021;3;0,290
RandomCups;17/08/2021;4;0,317
RandomCups;17/08/2021;5;0,452
RandomCups;17/08/2021;6;0,341
RandomCups;17/08/2021;7;0,459
RandomCups;17/08/2021;8;0,217
RandomCups;17/08/2021;9;0,199
RandomCups;17/08/2021;10;0,317
RandomCups;17/08/2021;11;0,059
RandomCups;17/08/2021;12;0,428
RandomCups;17/08/2021;13;0,434
RandomCups;17/08/2021;14;0,361
RandomCups;17/08/2021;15;0,296
RandomCups;17/08/2021;16;0,117
RandomCups;17/08/2021;17;0,321
RandomCups;17/08/2021;18;0,380
RandomCups;17/08/2021;19;0,290
RandomCups;17/08/2021;20;0,456
RandomCups;17/08/2021;21;0,209
RandomCups;17/08/2021;22;0,293
RandomCups;17/08/2021;23;0,405
RandomCups;17/08/2021;24;0,303
RandomCups;18/08/2021;1;0,425
RandomCups;18/08/2021;2;0,476
RandomCups;18/08/2021;3;0,197
RandomCups;18/08/2021;4;0,091
RandomCups;18/08/2021;5;0,275
RandomCups;18/08/2021;6;0,086
RandomCups;18/08/2021;7;0,071
RandomCups;18/08/2021;8;0,424
RandomCups;18/08/2021;9;0,010
RandomCups;18/08/2021;10;0,104
RandomCups;18/08/2021;11;0,157
RandomCups;18/08/2021;12;0,384
RandomCups;18/08/2021;13;0,105
RandomCups;18/08/2021;14;0,037
RandomCups;18/08/2021;15;0,217
RandomCups;18/08/2021;16;0,275
RandomCups;18/08/2021;17;0,371
RandomCups;18/08/2021;18;0,068
RandomCups;18/08/2021;19;0,183
RandomCups;18/08/2021;20;0,239
RandomCups;18/08/2021;21;0,475
RandomCups;18/08/2021;22;0,189
RandomCups;18/08/2021;23;0,461
RandomCups;18/08/2021;24;0,166
RandomCups;19/08/2021;1;0,312
RandomCups;19/08/2021;2;0,284
RandomCups;19/08/2021;3;0,466
RandomCups;19/08/2021;4;0,424
RandomCups;19/08/2021;5;0,223
RandomCups;19/08/2021;6;0,279
RandomCups;19/08/2021;7;0,119
RandomCups;19/08/2021;8;0,269
RandomCups;19/08/2021;9;0,049
RandomCups;19/08/2021;10;0,181
RandomCups;19/08/2021;11;0,061
RandomCups;19/08/2021;12;0,169
RandomCups;19/08/2021;13;0,202
RandomCups;19/08/2021;14;0,427
RandomCups;19/08/2021;15;0,099
RandomCups;19/08/2021;16;0,011
RandomCups;19/08/2021;17;0,348
RandomCups;19/08/2021;18;0,065
RandomCups;19/08/2021;19;0,418
RandomCups;19/08/2021;20;0,422
RandomCups;19/08/2021;21;0,323
RandomCups;19/08/2021;22;0,396
RandomCups;19/08/2021;23;0,247
RandomCups;19/08/2021;24;0,210
RandomCups;20/08/2021;1;0,428
RandomCups;20/08/2021;2;0,445
RandomCups;20/08/2021;3;0,222
RandomCups;20/08/2021;4;0,030
RandomCups;20/08/2021;5;0,242
RandomCups;20/08/2021;6;0,506
RandomCups;20/08/2021;7;0,090
RandomCups;20/08/2021;8;0,430
RandomCups;20/08/2021;9;0,082
RandomCups;20/08/2021;10;0,020
RandomCups;20/08/2021;11;0,033
RandomCups;20/08/2021;12;0,205
RandomCups;20/08/2021;13;0,099
RandomCups;20/08/2021;14;0,242
RandomCups;20/08/2021;15;0,060
RandomCups;20/08/2021;16;0,036
RandomCups;20/08/2021;17;0,010
RandomCups;20/08/2021;18;0,059
RandomCups;20/08/2021;19;0,150
RandomCups;20/08/2021;20;0,346
RandomCups;20/08/2021;21;0,453
RandomCups;20/08/2021;22;0,418
RandomCups;20/08/2021;23;0,049
RandomCups;20/08/2021;24;0,415
RandomCups;21/08/2021;1;0,471
RandomCups;21/08/2021;2;0,336
RandomCups;21/08/2021;3;0,432
RandomCups;21/08/2021;4;0,152
RandomCups;21/08/2021;5;0,192
RandomCups;21/08/2021;6;0,102
RandomCups;21/08/2021;7;0,481
RandomCups;21/08/2021;8;0,011
RandomCups;21/08/2021;9;0,034
RandomCups;21/08/2021;10;0,098
RandomCups;21/08/2021;11;0,242
RandomCups;21/08/2021;12;0,140
RandomCups;21/08/2021;13;0,247
RandomCups;21/08/2021;14;0,023
RandomCups;21/08/2021;15;0,230
RandomCups;21/08/2021;16;0,407
RandomCups;21/08/2021;17;0,266
RandomCups;21/08/2021;18;0,069
RandomCups;21/08/2021;19;0,320
RandomCups;21/08/2021;20;0,361
RandomCups;21/08/2021;21;0,201
RandomCups;21/08/2021;22;0,292
RandomCups;21/08/2021;23;0,059
RandomCups;21/08/2021;24;0,264
RandomCups;22/08/2021;1;0,389
RandomCups;22/08/2021;2;0,367
RandomCups;22/08/2021;3;0,368
RandomCups;22/08/2021;4;0,154
RandomCups;22/08/2021;5;0,219
RandomCups;22/08/2021;6;0,132
RandomCups;22/08/2021;7;0,345
RandomCups;22/08/2021;8;0,336
RandomCups;22/08/2021;9;0,459
RandomCups;22/08/2021;10;0,099
RandomCups;22/08/2021;11;0,496
RandomCups;22/08/2021;12;0,470
RandomCups;22/08/2021;13;0,410
RandomCups;22/08/2021;14;0,346
RandomCups;22/08/2021;15;0,357
RandomCups;22/08/2021;16;0,320
RandomCups;22/08/2021;17;0,027
RandomCups;22/08/2021;18;0,333
RandomCups;22/08/2021;19;0,431
RandomCups;22/08/2021;20;0,268
RandomCups;22/08/2021;21;0,425
RandomCups;22/08/2021;22;0,334
RandomCups;22/08/2021;23;0,390
RandomCups;22/08/2021;24;0,272
RandomCups;23/08/2021;1;0,263
RandomCups;23/08/2021;2;0,169
RandomCups;23/08/2021;3;0,057
RandomCups;23/08/2021;4;0,083
RandomCups;23/08/2021;5;0,106
RandomCups;23/08/2021;6;0,345
RandomCups;23/08/2021;7;0,361
RandomCups;23/08/2021;8;0,347
RandomCups;23/08/2021;9;0,103
RandomCups;23/08/2021;10;0,295
RandomCups;23/08/2021;11;0,159
RandomCups;23/08/2021;12;0,481
RandomCups;23/08/2021;13;0,254
RandomCups;23/08/2021;14;0,304
RandomCups;23/08/2021;15;0,240
RandomCups;23/08/2021;16;0,182
RandomCups;23/08/2021;17;0,325
RandomCups;23/08/2021;18;0,061
RandomCups;23/08/2021;19;0,170
RandomCups;23/08/2021;20;0,352
RandomCups;23/08/2021;21;0,019
RandomCups;23/08/2021;22;0,358
RandomCups;23/08/2021;23;0,092
RandomCups;23/08/2021;24;0,507
RandomCups;24/08/2021;1;0,188
RandomCups;24/08/2021;2;0,080
RandomCups;24/08/2021;3;0,429
RandomCups;24/08/2021;4;0,028
RandomCups;24/08/2021;5;0,414
RandomCups;24/08/2021;6;0,433
RandomCups;24/08/2021;7;0,266
RandomCups;24/08/2021;8;0,394
RandomCups;24/08/2021;9;0,486
RandomCups;24/08/2021;10;0,367
RandomCups;24/08/2021;11;0,052
RandomCups;24/08/2021;12;0,180
RandomCups;24/08/2021;13;0,395
RandomCups;24/08/2021;14;0,068
RandomCups;24/08/2021;15;0,319
RandomCups;24/08/2021;16;0,383
RandomCups;24/08/2021;17;0,138
RandomCups;24/08/2021;18;0,425
RandomCups;24/08/2021;19;0,291
RandomCups;24/08/2021;20;0,147
RandomCups;24/08/2021;21;0,104
RandomCups;24/08/2021;22;0,333
RandomCups;24/08/2021;23;0,099
RandomCups;24/08/2021;24;0,058
RandomCups;25/08/2021;1;0,216
RandomCups;25/08/2021;2;0,456
RandomCups;25/08/2021;3;0,487
RandomCups;25/08/2021;4;0,473
RandomCups;25/08/2021;5;0,191
RandomCups;25/08/2021;6;0,411
RandomCups;25/08/2021;7;0,417
RandomCups;25/08/2021;8;0,122
RandomCups;25/08/2021;9;0,032
RandomCups;25/08/2021;10;0,453
RandomCups;25/08/2021;11;0,055
RandomCups;25/08/2021;12;0,421
RandomCups;25/08/2021;13;0,261
RandomCups;25/08/2021;14;0,243
RandomCups;25/08/2021;15;0,043
RandomCups;25/08/2021;16;0,369
RandomCups;25/08/2021;17;0,137
RandomCups;25/08/2021;18;0,477
RandomCups;25/08/2021;19;0,020
RandomCups;25/08/2021;20;0,148
RandomCups;25/08/2021;21;0,406
RandomCups;25/08/2021;22;0,453
RandomCups;25/08/2021;23;0,252
RandomCups;25/08/2021;24;0,155
RandomCups;26/08/2021;1;0,333
RandomCups;26/08/2021;2;0,279
RandomCups;26/08/2021;3;0,078
RandomCups;26/08/2021;4;0,345
RandomCups;26/08/2021;5;0,414
RandomCups;26/08/2021;6;0,296
RandomCups;26/08/2021;7;0,106
RandomCups;26/08/2021;8;0,308
RandomCups;26/08/2021;9;0,196
RandomCups;26/08/2021;10;0,077
RandomCups;26/08/2021;11;0,253
RandomCups;26/08/2021;12;0,145
RandomCups;26/08/2021;13;0,487
RandomCups;26/08/2021;14;0,323
RandomCups;26/08/2021;15;0,359
RandomCups;26/08/2021;16;0,492
RandomCups;26/08/2021;17;0,061
RandomCups;26/08/2021;18;0,258
RandomCups;26/08/2021;19;0,090
RandomCups;26/08/2021;20;0,378
RandomCups;26/08/2021;21;0,223
RandomCups;26/08/2021;22;0,122
RandomCups;26/08/2021;23;0,130
RandomCups;26/08/2021;24;0,043
RandomCups;27/08/2021;1;0,462
RandomCups;27/08/2021;2;0,158
RandomCups;27/08/2021;3;0,305
RandomCups;27/08/2021;4;0,145
RandomCups;27/08/2021;5;0,477
RandomCups;27/08/2021;6;0,290
RandomCups;27/08/2021;7;0,110
RandomCups;27/08/2021;8;0,231
RandomCups;27/08/2021;9;0,156
RandomCups;27/08/2021;10;0,317
RandomCups;27/08/2021;11;0,194
RandomCups;27/08/2021;12;0,237
RandomCups;27/08/2021;13;0,125
RandomCups;27/08/2021;14;0,452
RandomCups;27/08/2021;15;0,090
RandomCups;27/08/2021;16;0,495
RandomCups;27/08/2021;17;0,023
RandomCups;27/08/2021;18;0,315
RandomCups;27/08/2021;19;0,322
RandomCups;27/08/2021;20;0,369
RandomCups;27/08/2021;21;0,137
RandomCups;27/08/2021;22;0,496
RandomCups;27/08/2021;23;0,034
RandomCups;27/08/2021;24;0,147
RandomCups;28/08/2021;1;0,008
RandomCups;28/08/2021;2;0,491
RandomCups;28/08/2021;3;0,006
RandomCups;28/08/2021;4;0,257
RandomCups;28/08/2021;5;0,044
RandomCups;28/08/2021;6;0,389
RandomCups;28/08/2021;7;0,452
RandomCups;28/08/2021;8;0,485
RandomCups;28/08/2021;9;0,039
RandomCups;28/08/2021;10;0,382
RandomCups;28/08/2021;11;0,180
RandomCups;28/08/2021;12;0,012
RandomCups;28/08/2021;13;0,284
RandomCups;28/08/2021;14;0,221
RandomCups;28/08/2021;15;0,314
RandomCups;28/08/2021;16;0,401
RandomCups;28/08/2021;17;0,464
RandomCups;28/08/2021;18;0,468
RandomCups;28/08/2021;19;0,390
RandomCups;28/08/2021;20;0,395
RandomCups;28/08/2021;21;0,318
RandomCups;28/08/2021;22;0,293
RandomCups;28/08/2021;23;0,254
RandomCups;28/08/2021;24;0,481
RandomCups;29/08/2021;1;0,396
RandomCups;29/08/2021;2;0,105
RandomCups;29/08/2021;3;0,307
RandomCups;29/08/2021;4;0,335
RandomCups;29/08/2021;5;0,255
RandomCups;29/08/2021;6;0,419
RandomCups;29/08/2021;7;0,361
RandomCups;29/08/2021;8;0,404
RandomCups;29/08/2021;9;0,143
RandomCups;29/08/2021;10;0,366
RandomCups;29/08/2021;11;0,308
RandomCups;29/08/2021;12;0,372
RandomCups;29/08/2021;13;0,183
RandomCups;29/08/2021;14;0,309
RandomCups;29/08/2021;15;0,208
RandomCups;29/08/2021;16;0,042
RandomCups;29/08/2021;17;0,021
RandomCups;29/08/2021;18;0,454
RandomCups;29/08/2021;19;0,084
RandomCups;29/08/2021;20;0,315
RandomCups;29/08/2021;21;0,496
RandomCups;29/08/2021;22;0,221
RandomCups;29/08/2021;23;0,497
RandomCups;29/08/2021;24;0,262
RandomCups;30/08/2021;1;0,249
RandomCups;30/08/2021;2;0,101
RandomCups;30/08/2021;3;0,330
RandomCups;30/08/2021;4;0,376
RandomCups;30/08/2021;5;0,438
RandomCups;30/08/2021;6;0,022
RandomCups;30/08/2021;7;0,471
RandomCups;30/08/2021;8;0,363
RandomCups;30/08/2021;9;0,249
RandomCups;30/08/2021;10;0,026
RandomCups;30/08/2021;11;0,420
RandomCups;30/08/2021;12;0,472
RandomCups;30/08/2021;13;0,191
RandomCups;30/08/2021;14;0,183
RandomCups;30/08/2021;15;0,348
RandomCups;30/08/2021;16;0,368
RandomCups;30/08/2021;17;0,020
RandomCups;30/08/2021;18;0,335
RandomCups;30/08/2021;19;0,227
RandomCups;30/08/2021;20;0,508
RandomCups;30/08/2021;21;0,134
RandomCups;30/08/2021;22;0,168
RandomCups;30/08/2021;23;0,104
RandomCups;30/08/2021;24;0,361
RandomCups;31/08/2021;1;0,408
RandomCups;31/08/2021;2;0,077
RandomCups;31/08/2021;3;0,407
RandomCups;31/08/2021;4;0,323
RandomCups;31/08/2021;5;0,137
RandomCups;31/08/2021;6;0,115
RandomCups;31/08/2021;7;0,258
RandomCups;31/08/2021;8;0,155
RandomCups;31/08/2021;9;0,408
RandomCups;31/08/2021;10;0,125
RandomCups;31/08/2021;11;0,261
RandomCups;31/08/2021;12;0,204
RandomCups;31/08/2021;13;0,051
RandomCups;31/08/2021;14;0,091
RandomCups;31/08/2021;15;0,017
RandomCups;31/08/2021;16;0,044
RandomCups;31/08/2021;17;0,460
RandomCups;31/08/2021;18;0,250
RandomCups;31/08/2021;19;0,164
RandomCups;31/08/2021;20;0,426
RandomCups;31/08/2021;21;0,198
RandomCups;31/08/2021;22;0,015
RandomCups;31/08/2021;23;0,400
RandomCups;31/08/2021;24;0,408